Designator,Footprint,Quantity,Value,LCSC Part #
AE1,1206,1,Antenna_Chip,C127629
"C1, C10, C11, C14, C15, C16, C2, C24, C25, C26, C3, C4, C5, C6, C7, C8, C9",C_0402,17,100nF,C1525
"C12, C13, C22, C23",C_0603,4,10uF,C19702
"C17, C18, C20, C21",C_0402,4,12pF,C1547
C19,C_0603,1,2.2uF,C23630
"D1, D10, D11, D12, D13, D14, D15, D16, D2, D3, D4, D5, D6, D7, D8, D9",D_0603,16,Red,C2286
D17,D_SOD-123,1,B5817W,C7420328
"J1, J3",BC-8200 AAA Battery clip,2,Conn_01x04_Pin,
"J2, J4",USB_C_Receptacle_HRO_TYPE-C-31-M-12,2,USB_C_Receptacle_USB2.0_16P,C165948
Q1,Q_SOT-23,1,HL6042,C28646264
"R1, R15, R16, R17, R2, R34, R42, R43, R44, R45, R46, R49, R50, R51, R52, R53, R54, R55, R8, R9",R_0402,20,0Ω,C17168
"R10, R11, R13, R14",R_0603,4,10kΩ,C25804
R12,R_0603,1,1kΩ,C21190
"R18, R19, R20, R21, R22, R23, R24, R25, R26, R27, R28, R29, R30, R31, R35, R36",R_0603,16,120Ω,C22787
"R3, R37, R38, R7",R_0402,4,5.1kΩ,C25905
"R32, R33, R47",R_0402,3,1kΩ,C11702
"R39, R4, R40, R41, R5, R6",R_0402,6,22Ω,C25092
R48,R_0402,1,10kΩ,C25744
"S1, S2, S3",SW_TS-1088-AR02016,3,"Tactile Button, 160gf",C720477
"TP10, TP11, TP12, TP13, TP14, TP4, TP6, TP8, TP9",TestPoint_Pad_D1.0mm,9,TestPoint,
U1,QFN-60-1EP_7x7mm_P0.4mm_EP3.4x3.4mm,1,RP2354A,C41378174
U2,LGA-12_2x2mm_P0.5mm,1,SC7A20,
U3,SOT-23-5,1,1.1V @ 300mA,C485147
"U4, U5",SOIC-16_L9.9-W3.9-P1.27-LS6.0-BL,2,74HC595D,C5947
U6,QFN-20-1EP_3x3mm_P0.4mm_EP1.65x1.65mm,1,CH572D,
U7,SOT-223-3_L6.5-W3.4-P2.30-LS7.0-BR,1,AMS1117,C6186
X1,CRYSTAL-SMD_4P-L3.2-W2.5-BL,1,X322512MSB4SI,C9002
X2,Crystal_SMD_2016-4Pin_2.0x1.6mm,1,Y201632MFBCX,C49158176
