Designator,Mid X,Mid Y,Rotation,Layer
AE1,100.075,-124.825,270.0,top
C1,129.499998,-128.9,90.0,top
C10,117.0,-86.4,0.0,top
C11,116.8,-56.5,0.0,top
C12,133.0,-139.9,270.0,top
C13,135.0,-142.8,0.0,top
C14,123.199998,-129.9,90.0,top
C15,133.386014,-133.32,0.0,top
C16,127.999998,-141.3,270.0,top
C17,128.499998,-122.9,180.0,top
C18,125.499998,-124.97,90.0,top
C19,103.649998,-130.7,180.0,top
C2,120.899998,-135.0,180.0,top
C20,105.449998,-127.7,90.0,top
C21,107.749998,-125.6,180.0,top
C22,107.54,-113.2,180.0,top
C23,111.74,-119.0,270.0,top
C24,133.186014,-136.22,180.0,top
C25,124.899998,-141.3,270.0,top
C26,130.999998,-140.8,270.0,top
C3,126.899998,-128.7,270.0,top
C4,122.199998,-139.4,0.0,top
C5,120.899998,-136.0,0.0,top
C6,103.949998,-133.0,180.0,top
C7,103.949998,-132.1,180.0,top
C8,124.5,-29.56,270.0,top
C9,128.3,-29.56,90.0,top
D1,129.39,-92.5,180.0,top
D10,129.39,-56.5,180.0,top
D11,129.39,-52.5,180.0,top
D12,129.39,-48.5,180.0,top
D13,129.39,-44.5,180.0,top
D14,129.39,-40.5,180.0,top
D15,129.39,-36.5,180.0,top
D16,129.39,-96.5,180.0,top
D17,106.64,-110.9,180.0,top
D2,129.39,-88.5,180.0,top
D3,129.39,-84.5,180.0,top
D4,129.39,-80.5,180.0,top
D5,129.39,-76.5,180.0,top
D6,129.39,-72.5,180.0,top
D7,129.39,-68.5,180.0,top
D8,129.39,-64.5,180.0,top
D9,129.39,-60.5,180.0,top
J1,126.6,-115.65,0.0,bottom
J2,126.5,-152.0,0.0,top
J3,126.6,-60.25,0.0,bottom
J4,107.0,-152.0,0.0,top
Q1,113.44,-113.5,0.0,top
R1,129.3,-145.3,90.0,top
R10,114.0,-82.8,270.0,top
R11,114.0,-52.5,270.0,top
R12,114.9,-73.9,270.0,top
R13,116.5,-73.9,270.0,top
R14,116.3,-44.0,270.0,top
R15,118.986014,-131.32,180.0,top
R16,118.986014,-128.62,180.0,top
R17,118.986014,-134.02,180.0,top
R18,126.18,-92.5,0.0,top
R19,126.18,-88.5,0.0,top
R2,138.0,-140.3,270.0,top
R20,126.18,-84.5,0.0,top
R21,126.18,-80.5,0.0,top
R22,126.18,-76.5,0.0,top
R23,126.18,-72.5,0.0,top
R24,126.18,-68.5,0.0,top
R25,126.18,-64.5,0.0,top
R26,126.18,-60.5,0.0,top
R27,126.18,-56.5,0.0,top
R28,126.18,-52.5,0.0,top
R29,126.18,-48.5,0.0,top
R3,125.1,-145.3,90.0,top
R30,126.18,-44.5,0.0,top
R31,126.18,-40.5,0.0,top
R32,135.399998,-146.7,90.0,top
R33,128.137498,-119.5,180.0,top
R34,110.6,-145.24,90.0,top
R35,126.18,-36.5,0.0,top
R36,126.2,-96.5,0.0,top
R37,105.5,-145.24,90.0,top
R38,109.1,-145.24,90.0,top
R39,106.549998,-137.2,90.0,top
R4,127.799998,-128.7,270.0,top
R40,107.649998,-137.2,90.0,top
R41,109.849998,-127.8,270.0,top
R47,103.449998,-137.6,270.0,top
R48,112.055,-109.74,0.0,top
R5,125.999998,-141.3,90.0,top
R51,118.986014,-130.42,180.0,top
R52,118.986014,-132.22,180.0,top
R53,103.46629,-140.332431,90.0,top
R54,114.7,-124.6,270.0,top
R6,126.899998,-141.3,90.0,top
R7,128.2,-145.3,90.0,top
R8,118.986014,-129.52,180.0,top
R9,118.986014,-133.12,180.0,top
S1,135.499998,-151.5,90.0,top
S2,128.237498,-117.2,0.0,top
S3,100.849998,-139.0,270.0,top
TP10,119.599998,-141.1,0.0,top
TP11,121.713984,-144.18,0.0,top
TP12,121.499998,-142.1,0.0,top
TP13,122.899998,-125.3,0.0,top
TP14,122.837498,-123.2,0.0,top
TP4,100.749998,-134.9,0.0,top
TP6,112.549998,-129.7,0.0,top
TP8,100.749998,-132.8,0.0,top
TP9,119.599998,-143.2,0.0,top
U1,127.149998,-135.1,270.0,top
U2,126.4,-30.4375,180.0,top
U3,135.6,-139.8625,270.0,top
U4,119.2,-80.7,0.0,top
U5,119.1,-50.9,0.0,top
U6,107.749998,-133.5,0.0,top
U7,105.825,-118.0,180.0,top
X1,128.099998,-125.0,0.0,top
X2,107.649998,-127.7,180.0,top
